Pin ID,Filename,Board,Title,Description,Destination URL,Alt Text,Keywords,UTM Content,Recommended Publish Date,Recommended Publish Time,Priority,Status
PIN-28,pin-28-discovery.png,Deal Alerts & Restocks,What Happens When a Live Auction Starts at $1?,Fast-paced 15-second sudden death live bidding where auctions start at just $1 and anything can happen on stream.,https://thequadguy.github.io/whatnot-finds/deals/?utm_source=pinterest&utm_medium=organic&utm_campaign=whatnot_referral&utm_content=pin28,What happens when a live auction starts at 1 dollar graphic.,"1 dollar live auctions, live shopping deals, whatnot sudden death, deal alerts, live auction bidding",pin28,2026-08-22,10:00 AM EST,HIGH (Launch Lead),READY
PIN-19,pin-19-collectibles.png,Toys & Collectible Figures,Secret Chase Figures & Art Toys Live,"Watch streamers open blind boxes, unveil secret chase figures, and inspect limited-edition vinyl collectibles live on camera.",https://thequadguy.github.io/whatnot-finds/collectibles/?utm_source=pinterest&utm_medium=organic&utm_campaign=whatnot_referral&utm_content=pin19,Secret chase figures and art toys live discovery graphic.,"art toys, blind box unboxing, chase figure, vinyl toys, labubu secret, pop mart unboxing",pin19,2026-08-22,04:30 PM EST,HIGH (Launch Lead),READY
PIN-04,pin-04-pokemon.png,Trading Card Unboxings,Japanese Pokemon Cards: The Sets Worth Watching Live,"Discover exclusive Japanese Pokemon card sets, promo boxes, and high-class pack unboxings streamed live from verified independent collector hosts.",https://thequadguy.github.io/whatnot-finds/pokemon/?utm_source=pinterest&utm_medium=organic&utm_campaign=whatnot_referral&utm_content=pin04,Japanese Pokemon Cards live set unboxing guide graphic.,"japanese pokemon cards, japanese booster box, vstar universe, clay burst, pokemon promo cards",pin04,2026-08-23,10:00 AM EST,HIGH (Launch Lead),READY
PIN-02,pin-02-pokemon.png,Trading Card Unboxings,Where Collectors Find Vintage Pokemon Booster Packs,Explore live streams where collectors unbox vintage WOTC booster packs and illustration rare singles on high-definition video. Join the interactive collector community.,https://thequadguy.github.io/whatnot-finds/pokemon/?utm_source=pinterest&utm_medium=organic&utm_campaign=whatnot_referral&utm_content=pin02,Vintage Pokemon booster pack unboxing discovery graphic.,"vintage pokemon cards, pokemon booster box, wotc pokemon, live trading card stream, pokemon box break",pin02,2026-08-23,04:30 PM EST,HIGH (Launch Lead),READY
PIN-11,pin-11-sneakers.png,Collector Tips & Guides,How to Inspect Sneaker Condition on Live Video,"Check outsole star patterns, tongue tags, factory box stamps, and heel drag close-up on stream before placing your bid.",https://thequadguy.github.io/whatnot-finds/sneakers/?utm_source=pinterest&utm_medium=organic&utm_campaign=whatnot_referral&utm_content=pin11,How to inspect sneaker condition on live video guide.,"sneaker condition inspection, how to buy sneakers online, legit sneaker check, jordan 1 condition",pin11,2026-08-24,10:00 AM EST,HIGH (Launch Lead),READY
PIN-01,pin-01-pokemon.png,Pokemon Cards & TCG Collectibles,Pokemon Cards You Need to See Live on Stream,Watch Pokemon card breaks live on camera with real-time centering and holo foil inspections. Discover where collectors find rare singles and sealed packs.,https://thequadguy.github.io/whatnot-finds/pokemon/?utm_source=pinterest&utm_medium=organic&utm_campaign=whatnot_referral&utm_content=pin01,Pokemon Cards You Need to See Live discovery guide graphic with card inspection details.,"pokemon cards, pokemon tcg live break, rare pokemon cards, live box break, pokemon booster pack",pin01,2026-08-24,04:30 PM EST,STANDARD,READY
PIN-09,pin-09-sneakers.png,Sneaker & Streetwear Deals,Sneakers You Cant Find in Normal Stores,"Discover deadstock Jordan 1s, rare SB Dunks, and archive streetwear drops showcased live on camera by independent sneaker curators.",https://thequadguy.github.io/whatnot-finds/sneakers/?utm_source=pinterest&utm_medium=organic&utm_campaign=whatnot_referral&utm_content=pin09,Sneakers you cannot find in normal stores live shopping discovery graphic.,"deadstock sneakers, rare jordan 1, nike sb dunks, live sneaker auction, sneakerhead finds",pin09,2026-08-25,10:00 AM EST,STANDARD,READY
PIN-14,pin-14-fashion.png,Rare & Vintage Finds,Where Stylists Find Archive Luxury Pieces,"Discover vintage denim, distressed leather jackets, runway archive pieces, and designer accessories shown live by boutique fashion curators.",https://thequadguy.github.io/whatnot-finds/fashion/?utm_source=pinterest&utm_medium=organic&utm_campaign=whatnot_referral&utm_content=pin14,Where stylists find archive luxury pieces editorial graphic.,"archive fashion, vintage designer clothing, live fashion thrifting, runway archive grails",pin14,2026-08-25,04:30 PM EST,STANDARD,READY
PIN-20,pin-20-collectibles.png,Toys & Collectible Figures,Rare Anime Statues & Studio Figures Live,"Inspect paint applications, scale details, and studio boxes on high-definition video before bidding on rare licensed anime figures.",https://thequadguy.github.io/whatnot-finds/collectibles/?utm_source=pinterest&utm_medium=organic&utm_campaign=whatnot_referral&utm_content=pin20,Rare Anime Statues and studio figures live showcase graphic.,"anime figures, scale statue unboxing, studio resin statues, anime collectibles live",pin20,2026-08-26,10:00 AM EST,STANDARD,READY
PIN-24,pin-24-beauty.png,Live Shopping Deals & Finds,Dewy Glass Skin & Barrier Care Swatches,"Watch trending Korean beauty serums, toners, and cushion foundations swatched on real skin live on camera before buying.",https://thequadguy.github.io/whatnot-finds/beauty/?utm_source=pinterest&utm_medium=organic&utm_campaign=whatnot_referral&utm_content=pin24,Dewy glass skin and barrier care swatches beauty graphic.,"k beauty swatches, glass skin routine, korean skincare live, barrier serum, cushion foundation",pin24,2026-08-26,04:30 PM EST,STANDARD,READY
PIN-36,pin-36-deals.png,Deal Alerts & Restocks,15-Second Sudden Live Auctions Explained,Experience rapid-fire bidding where deals start fast and anything can happen live on stream. Learn how sudden death auctions work.,https://thequadguy.github.io/whatnot-finds/deals/?utm_source=pinterest&utm_medium=organic&utm_campaign=whatnot_referral&utm_content=pin36,15-Second Sudden Live Auctions Explained graphic.,"15 second auctions, sudden death live auction, live shopping bargains, deal alerts",pin36,2026-08-27,10:00 AM EST,STANDARD,READY
PIN-27,pin-27-discovery.png,Live Shopping Deals & Finds,The Interactive Way to Discover Rare Finds,"Live stream unboxings, passionate independent hosts, and real-time community chat across trading cards, sneakers, fashion, and collectibles.",https://thequadguy.github.io/whatnot-finds/?utm_source=pinterest&utm_medium=organic&utm_campaign=whatnot_referral&utm_content=pin27,The interactive way to discover rare finds graphic.,"live shopping discovery, interactive live auction, rare finds online, online shopping guide",pin27,2026-08-27,04:30 PM EST,STANDARD,READY
PIN-03,pin-03-pokemon.png,Whatnot Livestream Highlights,What It Looks Like When a 1st Edition Charizard Gets Pulled,Experience the excitement of live trading card breaks. Watch streamers pull grail cards live on video with instant community chat reactions and card discussions.,https://thequadguy.github.io/whatnot-finds/pokemon/?utm_source=pinterest&utm_medium=organic&utm_campaign=whatnot_referral&utm_content=pin03,1st Edition Charizard live card pull moment discovery graphic.,"1st edition charizard, pokemon pack pull, live box break reactions, pokemon grail card, trading card stream",pin03,2026-08-28,10:00 AM EST,STANDARD,READY
PIN-10,pin-10-sneakers.png,Sneaker & Streetwear Deals,What Sneakerheads Find in Live Stream Auctions,"Real-time stitching inspections, box label verification, and rapid-fire live auctions. See how sneaker collectors shop grails in real time.",https://thequadguy.github.io/whatnot-finds/sneakers/?utm_source=pinterest&utm_medium=organic&utm_campaign=whatnot_referral&utm_content=pin10,What sneakerheads find in live stream auctions graphic.,"sneaker live auctions, live streetwear bidding, sneaker condition check, retro jordans",pin10,2026-08-28,04:30 PM EST,STANDARD,READY
PIN-15,pin-15-fashion.png,Rare & Vintage Finds,Vintage Leather & Designer Denim Live,"Watch fashion curators inspect distressing, hardware, and stitching up close before auctions start. Ask for live fit and measurement checks.",https://thequadguy.github.io/whatnot-finds/fashion/?utm_source=pinterest&utm_medium=organic&utm_campaign=whatnot_referral&utm_content=pin15,Vintage leather and designer denim live fashion discovery graphic.,"vintage leather jacket, designer denim, archive selvedge, live fashion show",pin15,2026-08-29,10:00 AM EST,STANDARD,READY
PIN-21,pin-21-collectibles.png,Collector Tips & Guides,The Art Toy Collector Guide to Blind Boxes,"Chases, secret variants, and creator-owned vinyl toy drops. Learn how toy collectors hunt limited art figures through live stream unboxings.",https://thequadguy.github.io/whatnot-finds/collectibles/?utm_source=pinterest&utm_medium=organic&utm_campaign=whatnot_referral&utm_content=pin21,Art toy collector guide to blind boxes graphic.,"art toy guide, blind box collecting, designer vinyl figures, toy collector tips",pin21,2026-08-29,04:30 PM EST,STANDARD,READY
PIN-25,pin-25-beauty.png,Live Shopping Deals & Finds,K-Beauty Swatches You Need to See Live,"See real skin-tone demonstrations, texture swatches, and hydration routines demonstrated live by independent beauty curators.",https://thequadguy.github.io/whatnot-finds/beauty/?utm_source=pinterest&utm_medium=organic&utm_campaign=whatnot_referral&utm_content=pin25,K-Beauty swatches you need to see live graphic.,"korean beauty haul, k beauty live shopping, skincare swatches, dewy makeup live",pin25,2026-08-30,10:00 AM EST,STANDARD,READY
PIN-29,pin-29-discovery.png,Collector Tips & Guides,How Live Stream Shopping Actually Works,"Step-by-step guide to interactive live shopping: join video streams, inspect items in 360 degrees, chat with sellers, and bid in real time.",https://thequadguy.github.io/whatnot-finds/?utm_source=pinterest&utm_medium=organic&utm_campaign=whatnot_referral&utm_content=pin29,How live stream shopping actually works guide.,"how live shopping works, live stream bidding guide, interactive video shopping, collector guide",pin29,2026-08-30,04:30 PM EST,STANDARD,READY
PIN-05,pin-05-pokemon.png,Collector Tips & Guides,5 Signs a Live Pokemon Streamer Knows Their Stuff,"From instant penny-sleeving to 360-degree surface inspections under 4K lighting, here are 5 things top trading card collectors look for during live auctions.",https://thequadguy.github.io/whatnot-finds/pokemon/?utm_source=pinterest&utm_medium=organic&utm_campaign=whatnot_referral&utm_content=pin05,5 Signs a Live Pokemon Streamer Knows Their Stuff listicle graphic.,"pokemon card collector guide, how to buy pokemon cards, live box break tips, card condition checks",pin05,2026-08-31,10:00 AM EST,STANDARD,READY
PIN-12,pin-12-sneakers.png,Sneaker & Streetwear Deals,Deadstock Sneaker Grails Live on Camera,Watch independent boutique owners display rare sneaker grails with 360-degree high-definition video and interactive live sizing checks.,https://thequadguy.github.io/whatnot-finds/sneakers/?utm_source=pinterest&utm_medium=organic&utm_campaign=whatnot_referral&utm_content=pin12,Deadstock Sneaker Grails live on camera showcase.,"deadstock sneaker grails, live sneaker drops, rare kicks, streetwear collecting",pin12,2026-08-31,04:30 PM EST,STANDARD,READY
PIN-16,pin-16-fashion.png,Rare & Vintage Finds,Designer Handbags Shown in 360 Video,"Examine leather grain, date codes, hardware, and interior lining on live stream video before placing a bid on curated pre-loved designer bags.",https://thequadguy.github.io/whatnot-finds/fashion/?utm_source=pinterest&utm_medium=organic&utm_campaign=whatnot_referral&utm_content=pin16,Designer Handbags shown in 360 video discovery graphic.,"designer handbags, pre loved luxury bags, vintage designer bag, live handbag auction",pin16,2026-09-01,10:00 AM EST,STANDARD,READY
PIN-22,pin-22-collectibles.png,Toys & Collectible Figures,Pop Culture Grails Opened on Camera,"Vintage action figures, retro gaming cartridges, and signed memorabilia opened live with community chat interactions and bidding.",https://thequadguy.github.io/whatnot-finds/collectibles/?utm_source=pinterest&utm_medium=organic&utm_campaign=whatnot_referral&utm_content=pin22,Pop culture grails opened on camera graphic.,"pop culture collectibles, retro gaming cartridges, vintage action figures, live collectible auction",pin22,2026-09-01,04:30 PM EST,STANDARD,READY
PIN-26,pin-26-beauty.png,Collector Tips & Guides,How Beauty Enthusiasts Test Products Live,"Check batch codes, packaging seals, texture consistency, and shade undertones live on camera before placing a bid.",https://thequadguy.github.io/whatnot-finds/beauty/?utm_source=pinterest&utm_medium=organic&utm_campaign=whatnot_referral&utm_content=pin26,How beauty enthusiasts test products live guide.,"beauty testing live, how to buy skincare online, kbeauty routine test, beauty live stream",pin26,2026-09-02,10:00 AM EST,STANDARD,READY
PIN-30,pin-30-discovery.png,Live Shopping Deals & Finds,5 Reasons Live Shopping Is Taking Over,"360-degree video condition inspections, real-time sizing checks, host interaction, fast deals, and a vibrant collector community.",https://thequadguy.github.io/whatnot-finds/?utm_source=pinterest&utm_medium=organic&utm_campaign=whatnot_referral&utm_content=pin30,5 Reasons live shopping is taking over listicle graphic.,"reasons live shopping is popular, live video shopping trends, future of e-commerce, live auctions",pin30,2026-09-02,04:30 PM EST,STANDARD,READY
PIN-06,pin-06-pokemon.png,Pokemon Cards & TCG Collectibles,The Hidden Gems in Japanese Booster Boxes,"Illustration rares, textured secret arts, and exclusive Japanese promos. See what makes Japanese TCG boxes so popular among live unboxing viewers.",https://thequadguy.github.io/whatnot-finds/pokemon/?utm_source=pinterest&utm_medium=organic&utm_campaign=whatnot_referral&utm_content=pin06,Hidden gems in Japanese booster boxes collector spotlight.,"japanese pokemon booster box, illustration rare pokemon, secret rare cards, pokemon card collecting",pin06,2026-09-03,10:00 AM EST,STANDARD,READY
PIN-13,pin-13-sneakers.png,Collector Tips & Guides,5 Things to Check Before Bidding on Rare Kicks,"Size tag codes, box condition, heel drag, insole stitching, and host reputation. Master live stream sneaker bidding with this 5-point checklist.",https://thequadguy.github.io/whatnot-finds/sneakers/?utm_source=pinterest&utm_medium=organic&utm_campaign=whatnot_referral&utm_content=pin13,5 Things to check before bidding on rare kicks checklist.,"sneaker buying tips, how to bid on sneakers, sneaker checklist, live auction tips",pin13,2026-09-03,04:30 PM EST,STANDARD,READY
PIN-17,pin-17-fashion.png,Whatnot Livestream Highlights,How Live Fashion Shows Change Thrifting,"No more guessing sizing from flat photos. Ask stream hosts for live measurements, try-ons, and detailed condition checks in real time.",https://thequadguy.github.io/whatnot-finds/fashion/?utm_source=pinterest&utm_medium=organic&utm_campaign=whatnot_referral&utm_content=pin17,How live fashion shows change thrifting discovery graphic.,"live thrifting stream, vintage clothing haul, online thrifting tips, fashion live shopping",pin17,2026-09-04,10:00 AM EST,STANDARD,READY
PIN-23,pin-23-collectibles.png,Collector Tips & Guides,5 Hard-to-Find Toys Collectors Hunt For,"Exclusive designer toys, Japanese import figures, and limited studio runs. Discover the top 5 toy grails collectors look for in live stream auctions.",https://thequadguy.github.io/whatnot-finds/collectibles/?utm_source=pinterest&utm_medium=organic&utm_campaign=whatnot_referral&utm_content=pin23,5 Hard to find toys collectors hunt for listicle graphic.,"hard to find toys, collectible toy grails, designer toy hunt, vintage toy collecting",pin23,2026-09-04,04:30 PM EST,STANDARD,READY
PIN-35,pin-35-beauty.png,Live Shopping Deals & Finds,Dewy Glass Skin & Barrier Care Swatches,Watch trending K-Beauty serums and cushion foundations demonstrated on real skin live. See hydration textures in real time.,https://thequadguy.github.io/whatnot-finds/beauty/?utm_source=pinterest&utm_medium=organic&utm_campaign=whatnot_referral&utm_content=pin35,Dewy glass skin and barrier care swatches graphic.,"dewy glass skin, k beauty swatches, barrier serums live, cushion foundation swatch",pin35,2026-09-05,10:00 AM EST,STANDARD,READY
PIN-40,pin-40-discovery.png,Live Shopping Deals & Finds,The Interactive Way to Discover Rare Finds,"Live unboxings, passionate independent hosts, and real-time chat across every collector category. Join the live discovery community.",https://thequadguy.github.io/whatnot-finds/?utm_source=pinterest&utm_medium=organic&utm_campaign=whatnot_referral&utm_content=pin40,The interactive way to discover rare finds graphic.,"interactive live shopping, rare finds discovery, collector community, online live auctions",pin40,2026-09-05,04:30 PM EST,STANDARD,READY
PIN-07,pin-07-pokemon.png,Trading Card Unboxings,Why Collectors Are Hunting Japanese Booster Boxes,"Explore live booster box openings, high print quality illustration cards, and rare Japanese promo drops streamed live in high-definition video.",https://thequadguy.github.io/whatnot-finds/pokemon/?utm_source=pinterest&utm_medium=organic&utm_campaign=whatnot_referral&utm_content=pin07,Why collectors hunt Japanese booster boxes graphic.,"japanese booster box opening, japanese pokemon tcg, sealed pokemon box, live card opening stream",pin07,2026-09-06,10:00 AM EST,STANDARD,READY
PIN-32,pin-32-sneakers.png,Sneaker & Streetwear Deals,What Sneakerheads Find in Live Stream Auctions,"From Jordan 1 grails to vintage Nike SB Dunks, watch real-time condition checks on 4K camera and bid live with fellow sneakerheads.",https://thequadguy.github.io/whatnot-finds/sneakers/?utm_source=pinterest&utm_medium=organic&utm_campaign=whatnot_referral&utm_content=pin32,What sneakerheads find in live stream auctions graphic.,"jordan 1 grails, vintage sb dunks, live sneaker stream, sneaker condition video",pin32,2026-09-06,04:30 PM EST,STANDARD,READY
PIN-18,pin-18-fashion.png,Rare & Vintage Finds,5 Vintage Clothing Grails Found on Stream,"Single-stitch vintage tees, selvedge denim, chore jackets, trench coats, and retro sportswear. See what vintage enthusiasts uncover live.",https://thequadguy.github.io/whatnot-finds/vintage/?utm_source=pinterest&utm_medium=organic&utm_campaign=whatnot_referral&utm_content=pin18,5 Vintage clothing grails found on stream listicle graphic.,"vintage single stitch tees, vintage clothing grails, retro streetwear, vintage thrifting",pin18,2026-09-07,10:00 AM EST,STANDARD,READY
PIN-34,pin-34-collectibles.png,Toys & Collectible Figures,Secret Chase Figures & Art Toys Live,Watch streamers open blind boxes and inspect limited vinyl collectibles live on camera. Discover secret variants and creator figures.,https://thequadguy.github.io/whatnot-finds/collectibles/?utm_source=pinterest&utm_medium=organic&utm_campaign=whatnot_referral&utm_content=pin34,Secret chase figures and art toys live spotlight graphic.,"blind box unboxing, secret chase figure, vinyl art toys, designer toy unboxings",pin34,2026-09-07,04:30 PM EST,STANDARD,READY
PIN-08,pin-08-pokemon.png,Trading Card Grading & Value,PSA 10 Hunting in Live Box Breaks,"Watch card enthusiasts inspect centering, corners, and surface finish straight from fresh pack pulls before submitting for professional grading.",https://thequadguy.github.io/whatnot-finds/pokemon/?utm_source=pinterest&utm_medium=organic&utm_campaign=whatnot_referral&utm_content=pin08,PSA 10 Hunting in live box breaks guide graphic.,"psa 10 pokemon, card grading tips, cgc grading, live pokemon box break, pack fresh cards",pin08,2026-09-08,10:00 AM EST,STANDARD,READY
PIN-33,pin-33-fashion.png,Rare & Vintage Finds,Vintage Leather & Designer Denim Live,"Watch curators inspect distressing, hardware, and stitching close-up before auctions begin. Discover rare archive fashion pieces live.",https://thequadguy.github.io/whatnot-finds/fashion/?utm_source=pinterest&utm_medium=organic&utm_campaign=whatnot_referral&utm_content=pin33,Vintage leather and designer denim live showcase graphic.,"vintage leather jacket, archive denim, live stylist show, designer vintage thrifting",pin33,2026-09-08,04:30 PM EST,STANDARD,READY
PIN-39,pin-39-collectibles.png,Toys & Collectible Figures,Rare Anime Statues & Studio Figures Live,"Inspect paint applications, scale details, and studio boxes on high-definition video before bidding on collectible anime statues.",https://thequadguy.github.io/whatnot-finds/collectibles/?utm_source=pinterest&utm_medium=organic&utm_campaign=whatnot_referral&utm_content=pin39,Rare anime statues and studio figures live graphic.,"anime statues, studio resin figures, scale anime collectibles, live figure unboxing",pin39,2026-09-09,10:00 AM EST,STANDARD,READY
PIN-31,pin-31-pokemon.png,Collector Tips & Guides,5 Secrets Pokemon Collectors Look for Live,"Centering, corner whitening, foil scratch checks, and live pack pulls. Learn what seasoned card collectors check during live box breaks.",https://thequadguy.github.io/whatnot-finds/pokemon/?utm_source=pinterest&utm_medium=organic&utm_campaign=whatnot_referral&utm_content=pin31,5 Secrets Pokemon collectors look for live listicle graphic.,"pokemon collector secrets, card condition checks, live pack pulls, trading card guide",pin31,2026-09-09,04:30 PM EST,STANDARD,READY
PIN-38,pin-38-fashion.png,Rare & Vintage Finds,Where Stylists Find Archive Luxury Pieces,"Live boutique try-ons, measurement checks, and runway pieces showcased in real time by independent fashion hosts.",https://thequadguy.github.io/whatnot-finds/fashion/?utm_source=pinterest&utm_medium=organic&utm_campaign=whatnot_referral&utm_content=pin38,Where stylists find archive luxury pieces graphic.,"archive luxury fashion, live boutique try-on, vintage runway pieces, curated designer fashion",pin38,2026-09-10,10:00 AM EST,STANDARD,READY
PIN-37,pin-37-pokemon.png,Trading Card Unboxings,Why Collectors Are Hunting Japanese Booster Boxes,Watch sealed booster boxes and illustration rare singles opened on live high-definition streams. Discover Japanese TCG releases.,https://thequadguy.github.io/whatnot-finds/pokemon/?utm_source=pinterest&utm_medium=organic&utm_campaign=whatnot_referral&utm_content=pin37,Why collectors hunt Japanese booster boxes graphic.,"japanese booster boxes, pokemon tcg unboxing, illustration rare cards, sealed pack break",pin37,2026-09-10,04:30 PM EST,STANDARD,READY
