Pin ID,Filename,Category,Board,Title,Description,Destination URL,Alt Text
PIN-31,pin-31-pokemon.png,pokemon,Pokémon Cards & TCG Live Breaks,5 Secrets Pokémon Collectors Look for Live | Curated Discovery,"Centering, holo foil scratch checks, corner whitening, and live pack pulls explained. Discover live unboxings, detailed condition checks, and interactive auctions. Tap to explore! #pokemoncards #pokemonslabs #japanesepokemoncards",https://yourusername.github.io/pokemon/?utm_source=pinterest&utm_medium=organic&utm_campaign=whatnot_referral&utm_content=pin31,5 Secrets Pokémon Collectors Look for Live - High definition live shopping and collector discovery guide.
PIN-32,pin-32-sneakers.png,sneakers,Sneaker Grails & Streetwear Auctions,What Sneakerheads Find in Live Stream Auctions | Curated Discovery,"From Jordan 1 grails to vintage SB Dunks, watch real-time condition checks on 4K camera. Discover live unboxings, detailed condition checks, and interactive auctions. Tap to explore! #retrosneakers #deadstocksneakers #livesneakerauctions",https://yourusername.github.io/sneakers/?utm_source=pinterest&utm_medium=organic&utm_campaign=whatnot_referral&utm_content=pin32,What Sneakerheads Find in Live Stream Auctions - High definition live shopping and collector discovery guide.
PIN-33,pin-33-fashion.png,fashion,Vintage Fashion & Designer Thrifting,Vintage Leather & Designer Denim Live | Curated Discovery,"Watch curators inspect distressing, hardware, and stitching close-up before auctions begin. Discover live unboxings, detailed condition checks, and interactive auctions. Tap to explore! #vintagefashionfinds #luxurydesignerbags #livethrifthaul",https://yourusername.github.io/fashion/?utm_source=pinterest&utm_medium=organic&utm_campaign=whatnot_referral&utm_content=pin33,Vintage Leather & Designer Denim Live - High definition live shopping and collector discovery guide.
PIN-34,pin-34-collectibles.png,collectibles,Art Toys & Collectibles Discovery,Secret Chase Figures & Art Toys Live | Curated Discovery,"Watch streamers open blind boxes and inspect limited vinyl collectibles live on camera. Discover live unboxings, detailed condition checks, and interactive auctions. Tap to explore! #labubufigures #popmartblindboxes #designervinylarttoys",https://yourusername.github.io/collectibles/?utm_source=pinterest&utm_medium=organic&utm_campaign=whatnot_referral&utm_content=pin34,Secret Chase Figures & Art Toys Live - High definition live shopping and collector discovery guide.
PIN-35,pin-35-beauty.png,beauty,K-Beauty Swatches & Skincare Deals,Dewy Glass Skin & Barrier Care Swatches | Curated Discovery,"Watch trending K-Beauty serums and cushion foundations demonstrated on real skin live. Discover live unboxings, detailed condition checks, and interactive auctions. Tap to explore! #k-beautyfinds #glassskinroutine #liveshadeswatches",https://yourusername.github.io/beauty/?utm_source=pinterest&utm_medium=organic&utm_campaign=whatnot_referral&utm_content=pin35,Dewy Glass Skin & Barrier Care Swatches - High definition live shopping and collector discovery guide.
PIN-36,pin-36-deals.png,deals,Live Shopping Deals & $1 Auctions,15-Second Sudden Live Auctions Explained | Curated Discovery,"Experience rapid-fire bidding where deals start fast and anything can happen live. Discover live unboxings, detailed condition checks, and interactive auctions. Tap to explore! #liveauctions #dollarstartauctions #suddenliveshopping",https://yourusername.github.io/deals/?utm_source=pinterest&utm_medium=organic&utm_campaign=whatnot_referral&utm_content=pin36,15-Second Sudden Live Auctions Explained - High definition live shopping and collector discovery guide.
PIN-37,pin-37-pokemon.png,pokemon,Pokémon Cards & TCG Live Breaks,Why Collectors Are Hunting Japanese Booster Boxes | Curated Discovery,"Watch sealed booster boxes and illustration rare singles opened on live high-definition streams. Discover live unboxings, detailed condition checks, and interactive auctions. Tap to explore! #pokemoncards #pokemonslabs #japanesepokemoncards",https://yourusername.github.io/pokemon/?utm_source=pinterest&utm_medium=organic&utm_campaign=whatnot_referral&utm_content=pin37,Why Collectors Are Hunting Japanese Booster Boxes - High definition live shopping and collector discovery guide.
PIN-38,pin-38-fashion.png,fashion,Vintage Fashion & Designer Thrifting,Where Stylists Find Archive Luxury Pieces | Curated Discovery,"Live boutique try-ons, measurement checks, and runway pieces showcased in real time. Discover live unboxings, detailed condition checks, and interactive auctions. Tap to explore! #vintagefashionfinds #luxurydesignerbags #livethrifthaul",https://yourusername.github.io/fashion/?utm_source=pinterest&utm_medium=organic&utm_campaign=whatnot_referral&utm_content=pin38,Where Stylists Find Archive Luxury Pieces - High definition live shopping and collector discovery guide.
PIN-39,pin-39-collectibles.png,collectibles,Art Toys & Collectibles Discovery,Rare Anime Statues & Studio Figures Live | Curated Discovery,"Inspect paint applications, scale details, and studio boxes on high-definition video. Discover live unboxings, detailed condition checks, and interactive auctions. Tap to explore! #labubufigures #popmartblindboxes #designervinylarttoys",https://yourusername.github.io/collectibles/?utm_source=pinterest&utm_medium=organic&utm_campaign=whatnot_referral&utm_content=pin39,Rare Anime Statues & Studio Figures Live - High definition live shopping and collector discovery guide.
PIN-40,pin-40-discovery.png,discovery,Cool Things to Buy & Live Shopping,The Interactive Way to Discover Rare Finds | Curated Discovery,"Live unboxings, passionate independent hosts, and real-time chat across every collector category. Discover live unboxings, detailed condition checks, and interactive auctions. Tap to explore! #liveshopping #curatedfinds",https://yourusername.github.io/?utm_source=pinterest&utm_medium=organic&utm_campaign=whatnot_referral&utm_content=pin40,The Interactive Way to Discover Rare Finds - High definition live shopping and collector discovery guide.
